pallet_index,workstation_index,quantity
0,3,17.39753828
0,4,4.61256831
0,5,3.95718040
0,6,4.27670963
0,7,7.59971211
0,8,7.15628800
1,11,9.51245325
1,15,14.31551871
1,16,10.94019624
1,17,10.23182755
2,13,3.07899120
2,14,65.92100549
3,10,15.34351408
3,11,9.53602220
3,15,17.61497730
3,16,12.36587999
3,17,11.13959999
4,2,56.99999503
5,13,3.43753053
5,14,71.56246645
6,11,15.13600434
6,15,59.92396764
6,16,26.80642996
6,17,20.13359496
7,12,43.52577388
7,13,3.47422361
8,13,64.99999730
9,4,94.26955627
9,5,29.53778550
9,6,25.19265629
10,10,6.89469784
10,11,5.84906420
10,15,6.19460997
10,16,5.42832312
10,17,5.63330005
11,3,18.60575869
11,4,4.69439853
11,5,4.06858724
11,6,4.39987846
11,7,7.84350412
11,8,7.38786961
12,9,49.01760040
12,10,23.33614973
12,11,14.42269190
12,15,64.72279383
12,16,24.33827911
12,17,16.16247778
13,0,67.99999695
14,0,65.99999728
15,4,8.11238495
15,5,6.46186149
15,6,7.02293439
15,7,19.06192404
15,8,17.34089270
16,12,95.62434260
16,13,3.37565466
17,13,1.99245298
17,14,29.00754084
18,0,53.99999685
19,13,3.98733901
19,14,102.01265861
20,5,5.33962728
20,6,5.83676112
20,7,13.20891819
20,8,11.61468997
21,6,7.74831911
21,7,20.95395480
21,8,19.29772396
22,2,39.99999519
23,3,20.49527834
23,4,5.31682309
23,5,4.35730378
23,6,4.83059170
24,1,105.99995535
25,0,62.99999735
26,9,33.24538246
26,10,26.42243778
26,11,15.14059969
26,17,17.19157661
27,2,52.99999708
28,12,51.34835052
28,13,3.65164721
29,13,2.42754625
29,14,48.57244182
30,2,117.99999552
31,0,79.99999731
32,5,5.38363764
32,6,5.91806543
32,7,13.61387935
32,8,12.08441462
33,13,3.49187954
33,14,65.50811772
34,5,45.17812922
34,6,43.82186899
35,6,9.12337379
35,7,32.76423259
35,8,34.11239124
36,9,11.36689439
36,10,10.65989229
36,11,7.54841083
36,15,11.19034670
36,16,8.81942618
36,17,8.41502344
37,1,28.99995549
38,13,3.67466245
38,14,58.32533529
39,9,4.69544835
39,10,4.75932362
39,11,3.88208397
39,15,4.40438614
39,16,4.06754897
39,17,4.19119869
40,0,48.99999682
41,3,38.87236921
41,4,6.78450011
41,5,5.43626438
41,6,5.90686347
42,11,7.56602617
42,15,7.68021902
42,16,6.49310886
42,17,7.26063857
43,0,89.99999714
44,9,10.75605664
44,10,10.13237218
44,11,7.25580765
44,15,10.46399136
44,16,8.36477429
44,17,8.02699375
45,6,48.99999816
46,0,32.99999705
47,13,40.99999715
48,12,126.49744540
48,13,4.50255240
49,9,5.97129969
49,10,6.00125788
49,11,5.14293110
49,15,5.70769388
49,16,5.07181265
49,17,5.10499943
50,6,8.90575418
50,7,28.55688484
50,8,27.53735899
51,13,2.20478388
51,14,59.79520746
52,6,6.22693513
52,7,13.78453989
52,8,11.98852267
53,1,92.99995549
54,6,6.44332442
54,7,17.41532035
54,8,15.14135201
55,10,11.44495385
55,11,8.14100109
55,15,11.48817861
55,16,9.14139853
55,17,8.78446417
56,12,77.52321210
56,13,3.47678533
57,12,31.98078481
57,13,3.01921261
58,2,34.99999672
59,3,35.23941011
59,4,7.67492468
59,5,6.08566230
60,2,167.25228328
60,13,1.74771279
61,12,43.44239745
61,13,2.55759931
62,2,48.99999651
63,12,49.22911418
63,13,3.77088355
64,2,61.99999576
65,3,17.09964893
65,4,5.05667981
65,5,4.18283892
65,6,4.66082914
66,2,27.99999631
67,0,42.99999692
68,3,26.93900479
68,4,5.13103897
68,5,3.92995280
69,3,7.25977553
69,4,3.27647268
69,5,2.93308869
69,6,3.29491806
69,7,4.81155277
69,8,4.42418744
70,3,147.92275475
70,4,19.96742568
70,5,14.10981738
71,12,55.55095209
71,13,3.44904516
72,12,43.44194679
72,13,2.55804997
73,3,104.60600982
73,4,7.90955232
73,5,5.90264167
73,6,4.63231619
73,7,11.57766651
73,8,17.37181011
74,4,65.68483475
74,5,26.31516333
75,2,32.99999624
76,9,10.05807182
76,10,9.80743542
76,11,7.35919360
76,16,7.97799619
76,17,7.79729704
77,0,37.10152999
77,12,41.36816476
77,13,2.53030194
78,3,23.42785357
78,4,4.85437886
78,5,4.15517734
78,6,4.42248856
78,7,8.30248026
78,8,7.83761784
79,11,14.44735089
79,15,57.96697526
79,16,25.73703324
79,17,18.84863733
80,0,60.99999734
81,11,8.19438746
81,15,9.62033980
81,16,8.02274409
81,17,8.16252472
82,2,186.99999703
83,3,11.24465741
83,4,4.07230925
83,5,3.54421107
83,6,3.90532121
83,7,6.33049305
83,8,5.90300460
84,0,29.99999694
85,13,29.99999728
86,2,61.99999460
87,10,8.74835494
87,11,6.92498793
87,15,8.27480616
87,16,7.03938150
87,17,7.01246546
88,2,37.99999557
89,3,8.04908157
89,4,3.46818974
89,5,3.09428109
89,6,3.46436651
89,7,5.16214637
89,8,4.76193041
90,5,29.35586293
90,6,29.64413517
91,9,10.59212915
91,10,9.85528082
91,11,6.85746478
91,15,10.55509874
91,16,8.30676352
91,17,7.83325557
92,4,5.81017479
92,5,4.80018016
92,6,5.25144333
92,7,10.62970086
92,8,9.50849733
93,13,2.54501128
93,14,43.45498584
94,2,11.40916131
94,13,1.81917440
94,14,12.77165861
95,12,24.05290981
95,13,1.94708708
96,13,3.22212815
96,14,34.77786922
97,9,8.57322077
97,10,8.24862318
97,11,6.14108076
97,15,8.37844223
97,16,6.94098009
97,17,6.71764767
98,0,24.23888757
98,12,26.37191348
98,13,2.38919544
99,3,19.27400882
99,4,4.99233731
99,5,4.34746921
99,6,4.76316866
99,7,8.48460922
99,8,8.13840404
100,12,47.27875656
100,13,3.72124102
101,2,86.99999674
102,12,30.05129895
102,13,2.94869847
103,13,2.16151834
103,14,35.83847396
104,13,1.94966080
104,14,25.05033634
105,10,8.43241704
105,11,6.66163729
105,15,8.20072877
105,16,6.90985335
105,17,6.79535878
106,2,52.99999601
107,3,18.03715406
107,4,5.02746650
107,5,3.93537614
108,2,29.99999282
109,3,17.48387851
109,4,4.96694038
109,5,4.08334813
109,6,4.46582921
110,13,1.03657087
110,14,31.96342603
111,9,24.25097187
111,10,20.76409747
111,11,12.77670033
111,17,14.20822538
112,13,3.56905628
112,14,59.43094073
113,11,13.70195421
113,15,22.02832457
113,16,15.72803072
113,17,14.54168739
114,2,40.65467296
114,13,1.89975997
114,14,81.44556095
115,9,37.10295111
115,10,29.59893346
115,11,17.29811192
116,1,60.99995500
117,9,11.17737628
117,10,10.53964051
117,11,7.58680433
117,15,10.77042393
117,16,8.62250054
117,17,8.30325058
118,11,21.48368103
118,16,25.85671157
118,17,22.65960427
119,12,29.54901176
119,13,2.45098475
120,12,113.58159128
120,13,4.41840650
121,9,6.03277439
121,10,6.45646245
121,11,5.72460319
121,16,5.30784650
121,17,5.47830849
122,3,33.97885067
122,4,5.40034433
122,5,4.62781187
122,6,4.90856600
122,7,9.65339956
122,8,9.43102446
123,0,30.75394715
123,12,33.77220144
123,13,2.47384802
124,2,39.71906294
124,13,2.40501248
124,14,77.87592066
125,12,34.68387790
125,13,2.31611811
126,9,14.96861476
126,10,14.60400040
126,11,10.42737933
127,12,74.90647867
127,13,4.09351915
128,2,76.99999729
129,12,48.11960471
129,13,3.88039305
130,0,46.99999695
131,5,42.99999814
132,13,30.99999705
133,9,18.52870644
133,10,15.26912372
133,11,9.17186124
133,15,19.63013180
133,16,13.02543035
133,17,11.37473926
134,6,9.59294146
134,7,42.84505705
134,8,51.56199935
135,9,10.07873915
135,10,9.49864312
135,11,6.63536414
135,15,10.11555554
135,16,8.04490179
135,17,7.62678557
136,13,1.94376569
136,14,26.05623115
137,9,7.46670307
137,10,7.32850109
137,11,5.74707999
137,15,7.22656173
137,16,6.16514526
137,17,6.06600375
138,9,8.71704268
138,10,8.45387059
138,11,6.32724667
138,15,8.52584420
138,16,7.07748887
138,17,6.89849949
139,3,24.06697743
139,4,5.51668055
139,5,4.47672110
139,6,4.93961787
