pallet_index,pallet_id,workstation_index,quantity,primary_station
0,10000,3,16.29983449,3
0,10000,4,5.03877622,3
0,10000,5,4.30376400,3
0,10000,6,4.26962784,3
0,10000,7,7.61677899,3
0,10000,8,7.47119321,3
1,10001,11,9.40111572,15
1,10001,15,14.16251282,15
1,10001,16,10.77259819,15
1,10001,17,10.66375781,15
2,10002,13,3.42681842,14
2,10002,14,65.57317442,14
3,10003,10,15.50972308,15
3,10003,11,10.64329967,15
3,10003,15,16.61128583,15
3,10003,16,11.83741032,15
3,10003,17,11.39826888,15
4,10004,2,56.99998920,2
5,10005,13,3.55693726,14
5,10005,14,71.44305608,14
6,10006,11,16.49740257,15
6,10006,15,60.28424716,15
6,10006,16,25.60286755,15
6,10006,17,19.61547846,15
7,10007,12,43.71828723,12
7,10007,13,3.28170347,12
8,10008,13,65.00002158,13
9,10009,4,91.77015268,4
9,10009,5,22.48851418,4
9,10009,6,34.74133091,4
10,10010,10,5.75629932,15
10,10010,11,5.60344997,15
10,10010,15,6.95824068,15
10,10010,16,6.04620283,15
10,10010,17,5.63577615,15
11,10011,3,17.87313430,3
11,10011,4,5.12216635,3
11,10011,5,4.35019117,3
11,10011,6,4.29652836,3
11,10011,7,7.75818096,3
11,10011,8,7.59977457,3
12,10012,9,41.56344366,15
12,10012,10,30.86118344,15
12,10012,11,14.84448707,15
12,10012,15,61.09307515,15
12,10012,16,25.84755544,15
12,10012,17,17.79024970,15
13,10013,0,67.99999399,0
14,10014,0,65.99999414,0
15,10015,4,9.18526907,7
15,10015,5,6.75342950,7
15,10015,6,6.52623518,7
15,10015,7,18.48432558,7
15,10015,8,17.05072506,7
16,10016,12,95.51849081,12
16,10016,13,3.48150460,12
17,10017,13,1.87105394,14
17,10017,14,29.12891543,14
18,10018,0,53.99999241,0
19,10019,13,3.57413122,14
19,10019,14,102.42586467,14
20,10020,5,5.67982293,7
20,10020,6,5.63375015,7
20,10020,7,12.62831712,7
20,10020,8,12.05808471,7
21,10021,6,7.38591067,7
21,10021,7,20.38422515,7
21,10021,8,20.22985136,7
22,10022,2,39.99998473,2
23,10023,3,19.59455357,3
23,10023,4,5.81354255,3
23,10023,5,4.83327559,3
23,10023,6,4.75860695,3
24,10024,1,105.99977366,1
25,10025,0,62.99999399,0
26,10026,9,34.27268465,9
26,10026,10,25.62048348,9
26,10026,11,15.18942528,9
26,10026,17,16.91740218,9
27,10027,2,52.99999270,2
28,10028,12,51.58969896,12
28,10028,13,3.41029361,12
29,10029,13,1.04666700,14
29,10029,14,49.95330253,14
30,10030,2,117.99999618,2
31,10031,0,79.99999486,0
32,10032,5,5.86426083,7
32,10032,6,5.74029745,7
32,10032,7,12.94777843,7
32,10032,8,12.44764078,7
33,10033,13,3.37393235,14
33,10033,14,65.62606112,14
34,10034,5,48.72649418,5
34,10034,6,40.27350441,5
35,10035,6,8.44902267,8
35,10035,7,33.58075252,8
35,10035,8,33.97021658,8
36,10036,9,11.48035037,9
36,10036,10,10.46178825,9
36,10036,11,7.67319425,9
36,10036,15,11.38117985,9
36,10036,16,8.64948187,9
36,10036,17,8.35399012,9
37,10037,1,28.99976321,1
38,10038,13,3.33671682,14
38,10038,14,58.66327673,14
39,10039,9,4.70296406,9
39,10039,10,4.52561503,9
39,10039,11,4.03038873,9
39,10039,15,4.58823087,9
39,10039,16,4.08300477,9
39,10039,17,4.06976711,9
40,10040,0,48.99999152,0
41,10041,3,38.40776577,3
41,10041,4,7.28019323,3
41,10041,5,5.74367098,3
41,10041,6,5.56835796,3
42,10042,11,6.73433292,15
42,10042,15,8.57819090,15
42,10042,16,7.53110342,15
42,10042,17,6.15634326,15
43,10043,0,89.99999512,0
44,10044,9,10.90187662,9
44,10044,10,9.87062142,9
44,10044,11,7.32721461,9
44,10044,15,10.67988118,9
44,10044,16,8.23743112,9
44,10044,17,7.98295840,9
45,10045,6,48.99999776,6
46,10046,0,32.99998744,0
47,10047,13,41.00001710,13
48,10048,12,125.79341036,12
48,10048,13,5.20658595,12
49,10049,9,6.25135630,9
49,10049,10,5.71235854,9
49,10049,11,4.99234993,9
49,10049,15,5.92311788,9
49,10049,16,5.09429013,9
49,10049,17,5.02649510,9
50,10050,6,8.15615243,8
50,10050,7,28.21480507,8
50,10050,8,28.62903331,8
51,10051,13,1.49719912,14
51,10051,14,60.50277837,14
52,10052,6,5.64168240,7
52,10052,7,13.33491727,7
52,10052,8,13.02338008,7
53,10053,1,92.99977329,1
54,10054,6,6.53997632,7
54,10054,7,16.67385363,7
54,10054,8,15.78615103,7
55,10055,10,11.09182566,15
55,10055,11,7.94915771,15
55,10055,15,11.96402670,15
55,10055,16,9.11948659,15
55,10055,17,8.87548739,15
56,10056,12,77.56209685,12
56,10056,13,3.43789780,12
57,10057,12,31.94343210,12
57,10057,13,3.05655468,12
58,10058,2,34.99998713,2
59,10059,3,35.53547222,3
59,10059,4,7.53924557,3
59,10059,5,5.92526976,3
60,10060,2,167.53184175,2
60,10060,13,1.46815427,2
61,10061,12,43.23198190,12
61,10061,13,2.76800704,12
62,10062,2,48.99999107,2
63,10063,12,49.66070233,12
63,10063,13,3.33928996,12
64,10064,2,61.99999240,2
65,10065,3,16.56745628,3
65,10065,4,5.39506468,3
65,10065,5,4.54000004,3
65,10065,6,4.49745439,3
66,10066,2,27.99998129,2
67,10067,0,42.99999038,0
68,10068,3,24.13618020,3
68,10068,4,6.50230168,3
68,10068,5,5.36149908,3
69,10069,3,7.24440941,3
69,10069,4,3.44518195,3
69,10069,5,3.08181906,3
69,10069,6,3.07616523,3
69,10069,7,4.60769632,3
69,10069,8,4.54467883,3
70,10070,3,161.49172795,3
70,10070,4,12.64592475,3
70,10070,5,7.86234314,3
71,10071,12,55.67468109,12
71,10071,13,3.32531128,12
72,10072,12,43.23144348,12
72,10072,13,2.76854544,12
73,10073,3,103.91803266,3
73,10073,4,8.92033240,3
73,10073,5,6.98376685,3
73,10073,6,5.35966650,3
73,10073,7,12.78958072,3
73,10073,8,14.02861353,3
74,10074,4,65.83946817,4
74,10074,5,26.16052813,4
75,10075,2,32.99998428,2
76,10076,9,10.54786786,9
76,10076,10,9.46636943,9
76,10076,11,7.30273587,9
76,10076,16,7.91557210,9
76,10076,17,7.76743676,9
77,10077,0,42.32559930,0
77,10077,12,36.02465605,0
77,10077,13,2.64973672,0
78,10078,3,21.70840072,3
78,10078,4,5.37399151,3
78,10078,5,4.56221419,3
78,10078,6,4.54800681,3
78,10078,7,8.53038926,3
78,10078,8,8.27697542,3
79,10079,11,16.65038631,15
79,10079,15,56.09442820,15
79,10079,16,24.76202873,15
79,10079,17,19.49315225,15
80,10080,0,60.99999382,0
81,10081,11,7.49600992,15
81,10081,15,10.30471650,15
81,10081,16,8.44329196,15
81,10081,17,7.75596051,15
82,10082,2,186.99999664,2
83,10083,3,11.00521310,3
83,10083,4,4.35015285,3
83,10083,5,3.76753594,3
83,10083,6,3.71388693,3
83,10083,7,6.10908168,3
83,10083,8,6.05409726,3
84,10084,0,29.99998576,0
85,10085,13,30.00001324,13
86,10086,2,61.99999086,2
87,10087,10,8.20930558,15
87,10087,11,6.64353654,15
87,10087,15,8.91113257,15
87,10087,16,7.22407777,15
87,10087,17,7.01192560,15
88,10088,2,37.99998528,2
89,10089,3,8.03878292,3
89,10089,4,3.65116280,3
89,10089,5,3.24674403,3
89,10089,6,3.22935735,3
89,10089,7,4.94469347,3
89,10089,8,4.88921632,3
90,10090,5,30.47438726,5
90,10090,6,28.52560838,5
91,10091,9,10.65531789,9
91,10091,10,9.88484011,9
91,10091,11,7.36386200,9
91,10091,15,10.11197474,9
91,10091,16,8.04836697,9
91,10091,17,7.93561917,9
92,10092,4,6.02198426,7
92,10092,5,4.97985514,7
92,10092,6,4.96375415,7
92,10092,7,10.22001800,7
92,10092,8,9.81435943,7
93,10093,13,3.06392199,14
93,10093,14,42.93606774,14
94,10094,2,11.78792481,14
94,10094,13,1.75199758,14
94,10094,14,12.46003678,14
95,10095,12,23.46714050,12
95,10095,13,2.53283814,12
96,10096,13,2.63700230,14
96,10096,14,35.36298594,14
97,10097,9,8.77243095,9
97,10097,10,8.08731338,9
97,10097,11,6.29642990,9
97,10097,15,8.29557956,9
97,10097,16,6.81502105,9
97,10097,17,6.73320228,9
98,10098,0,27.06182310,0
98,10098,12,23.52630475,0
98,10098,13,2.41185969,0
99,10099,3,19.70921964,3
99,10099,4,5.44918876,3
99,10099,5,4.51767272,3
99,10099,6,4.40748967,3
99,10099,7,8.00847016,3
99,10099,8,7.90793737,3
100,10100,12,47.68821614,12
100,10100,13,3.31177552,12
101,10101,2,86.99999492,2
102,10102,12,29.86711176,12
102,10102,13,3.13287400,12
103,10103,13,1.75417360,14
103,10103,14,36.24579881,14
104,10104,13,2.67284072,14
104,10104,14,24.32714046,14
105,10105,10,8.15954881,15
105,10105,11,6.48166882,15
105,10105,15,8.44838798,15
105,10105,16,7.01066975,15
105,10105,17,6.89970039,15
106,10106,2,52.99999097,2
107,10107,3,16.71609912,3
107,10107,4,5.59229942,3
107,10107,5,4.69157674,3
108,10108,2,29.99995960,2
109,10109,3,16.61373514,3
109,10109,4,5.34185898,3
109,10109,5,4.54079221,3
109,10109,6,4.50358612,3
110,10110,13,2.48659173,14
110,10110,14,30.51339233,14
111,10111,9,24.48413795,9
111,10111,10,20.47686380,9
111,10111,11,12.77683637,9
111,10111,17,14.26215476,9
112,10112,13,3.47855022,14
112,10112,14,59.52144199,14
113,10113,11,12.13211189,15
113,10113,15,25.42654027,15
113,10113,16,14.90625197,15
113,10113,17,13.53508730,15
114,10114,2,48.97059574,14
114,10114,13,1.84527213,14
114,10114,14,73.18412466,14
115,10115,9,39.37695286,9
115,10115,10,28.37696396,9
115,10115,11,16.24607929,9
116,10116,1,60.99977115,1
117,10117,9,11.28920637,15
117,10117,10,10.16098679,15
117,10117,11,7.51293581,15
117,10117,15,11.32085340,15
117,10117,16,8.52366781,15
117,10117,17,8.19233418,15
118,10118,11,19.48406325,16
118,10118,16,27.37253933,16
118,10118,17,23.14339393,16
119,10119,12,29.41663439,12
119,10119,13,2.58334683,12
120,10120,12,113.26876960,12
120,10120,13,4.73122654,12
121,10121,9,7.27299767,9
121,10121,10,5.79152232,9
121,10121,11,5.38636712,9
121,10121,16,5.35237762,9
121,10121,17,5.19670435,9
122,10122,3,32.36752285,3
122,10122,4,6.16781844,3
122,10122,5,5.08363222,3
122,10122,6,4.93585618,3
122,10122,7,9.82918413,3
122,10122,8,9.61596969,3
123,10123,0,34.63071438,0
123,10123,12,29.83278827,0
123,10123,13,2.53648775,0
124,10124,2,56.13948370,14
124,10124,13,2.85029832,14
124,10124,14,61.01021180,14
125,10125,12,34.57609273,12
125,10125,13,2.42388914,12
126,10126,9,16.37109828,9
126,10126,10,13.74435641,9
126,10126,11,9.88453168,9
127,10127,12,75.14350870,12
127,10127,13,3.85648620,12
128,10128,2,76.99999507,2
129,10129,12,48.72758038,12
129,10129,13,3.27241181,12
130,10130,0,46.99999136,0
131,10131,5,42.99999492,5
132,10132,13,31.00001180,13
133,10133,9,17.83013055,15
133,10133,10,16.01844921,15
133,10133,11,10.75734653,15
133,10133,15,18.26043770,15
133,10133,16,12.52137853,15
133,10133,17,11.61224669,15
134,10134,6,8.86095357,8
134,10134,7,45.93694384,8
134,10134,8,49.20209642,8
135,10135,9,10.17099381,9
135,10135,10,9.51766597,9
135,10135,11,7.11740122,9
135,10135,15,9.69851361,9
135,10135,16,7.79752186,9
135,10135,17,7.69788299,9
136,10136,13,2.38901962,14
136,10136,14,25.61096059,14
137,10137,9,7.72270575,9
137,10137,10,7.07210499,9
137,10137,11,5.76027649,9
137,10137,15,7.30769155,9
137,10137,16,6.10934296,9
137,10137,17,6.02785248,9
138,10138,9,8.93347726,9
138,10138,10,8.22380130,9
138,10138,11,6.42158892,9
138,10138,15,8.59530066,9
138,10138,16,6.97645125,9
138,10138,17,6.84936077,9
139,10139,3,22.77190628,3
139,10139,4,6.15392173,3
139,10139,5,5.07693509,3
139,10139,6,4.99721798,3
